"Site","A_mellifera","total","Percent"
"All sites",575,25441,2.26013128414764
"BPF",8,1854,0.431499460625674
"POS",444,21691,2.04693190724264
"SCL",123,1896,6.4873417721519
