"Species","BPF","POS","SCL","MeanDecreaseAccuracy","MeanDecreaseGini"
"Halictus tripartitus",38,11603,146,13.366571890871,4.00731077007216
"Bombus melanopygus",89,23,2,9.47196028428986,1.93923210925488
"Melissodes rivalis",32,17,28,7.71377349324618,1.80313417875013
"Bombus fervidus",9,196,51,7.62622678901044,1.64343231317277
"Osmia albolateralis",2,204,9,8.19024494906856,1.6407860077485
"Apis mellifera",8,444,123,5.78153271113576,1.43735668081561
"Halictus confusus",97,108,3,7.25659665188435,1.26839096539841
"Bombus vosnesenskii",248,1556,344,5.92617697385587,1.12989044878619
"Bombus mixtus",135,433,51,3.61412328069482,0.863800715955117
